id,osm_id,z_order,highway,name,name:en,ref,maxspeed,oneway,access,bicycle,foot,horse,motor_vehicle,motorcar,bridge,cutting,embankment,tunnel,service,toll,surface,width,construction,layer,junction,disused
9418801,17019362,0,service,Franklin Drive,,,,,,,,,,,,,,,,,,,,,,
9419255,17019971,0,service,Stadium Drive,,,,,,yes,,,,,,,,,,,,,,,,
22137983,43176747,10,path,,,,,,no,yes,yes,,,,yes,,,,,,,,,,,
22137985,43176752,0,service,,,,10 mph,yes,,,,,,,,,,,,,,,,,,
22137989,43176737,0,path,,,,,,,yes,yes,,,,,,,,,,paved,"10'0""",,,,
22803942,46143469,0,service,Stadium Drive,,,10 mph,,,yes,,,,,,,,,,,,,,,,
22831379,46275947,0,footway,,,,,,,yes,yes,,,,,,,,,,,,,,,
22831380,46275948,0,path,,,,,,,designated,designated,,,,,,,,,,,,,,,
22831382,46275952,0,service,,,,,,,,,,,,,,,,,,,,,,,
22831383,46275942,0,service,,,,,,,,,,,,,,,,,,,,,,,
22831385,46275957,0,footway,,,,,,,yes,yes,,,,,,,,,,,,,,,
22831387,46275956,0,path,,,,,,,yes,yes,,,,,,,,,,,"10'0""",,,,
9422811,17024236,4,tertiary,Macky Drive,,,,,permissive,yes,,,,,,,,,,,,,,,,
22804488,46145913,0,service,University Avenue,,,,no,,yes,,,,,,,,,driveway,,,,,,,
22842736,46371969,0,footway,,,,,,,,yes,,,,,,,,,,,,,,,
30110040,96605887,0,path,Boulder Creek Multi-use Path,,,,,,designated,designated,,no,,,,,,,,concrete,"10'0""",,,,
31402872,103501464,0,steps,,,,,,,,,,,,,,,,,,,,,,,
31402873,103501467,0,footway,pipe town path,,,,,,no,yes,no,no,,,,,,,,paved,,,,,
55512091,203830430,0,service,,,,,,,yes,,,,,,,,,parking_aisle,,,,,,,
56115119,206450885,0,path,,,,,,,designated,designated,,,,,,,,,,,,,,,
56524594,208190972,0,footway,,,,,,,yes,yes,,,,,,,,,,,,,,,
56612892,208609917,0,service,,,,,,,,,,,,,,,,,,,,,,,
57450721,213551006,0,service,,,,,,,,,,,,,,,,driveway,,,,,,,
69134791,274904374,0,footway,,,,,,,yes,yes,,,,,,,,,,,,,,,
69134807,274904388,0,footway,,,,,,,,yes,,,,,,,,,,,,,,,
69134827,274904405,0,footway,,,,,,,yes,yes,,,,,,,,,,,,,,,
69134830,274904416,0,footway,,,,,,,,yes,,,,,,,,,,,,,,,
69134848,274904425,0,path,,,,,,,designated,designated,,,,,,,,,,,,,,,
94823439,431977756,0,footway,,,,,,,,,,,,,,,,,,,,,,,
95518374,435398835,0,service,,,,10 mph,yes,,yes,,,,,,,,,,,,,,,,
95518375,435398834,0,service,Stadium Drive,,,10 mph,yes,,yes,,,,,,,,,,,,,,,,
96121391,438460080,0,steps,,,,,,,,,,,,,,,,,,,,,,,
96121394,438460083,0,path,,,,,,,,,,,,,,,,,,ground,,,,,
96121400,438460082,0,path,,,,,,,,,,,,,,,,,,ground,,,,,
96191086,438929270,0,steps,,,,,,,,,,,,,,,,,,,,,,,
96191088,438929269,0,footway,,,,,,,,,,,,,,,,,,,,,,,
96191090,438929271,0,steps,,,,,,,,,,,,,,,,,,,,,,,
96191091,438929274,0,footway,,,,,,,,,,,,,,,,,,,,,,,
96191092,438929275,0,footway,,,,,,,,,,,,,,,,,,,,,,,
96191096,438929279,0,footway,,,,,,,,,,,,,,,building_passage,,,,,,,,
96191097,438929280,0,footway,,,,,,,,,,,,,,,building_passage,,,,,,,,
96191098,438929283,0,footway,,,,,,,,,,,,,,,,,,,,,,,
96191100,438929281,0,footway,,,,,,,,,,,,,,,,,,,,,,,
106365067,505710969,0,path,,,,,,,designated,designated,,,,,,,,,,,"10'0""",,,,
110302742,534140136,0,steps,,,,,,,,,,,,,,,,,,,,,,,
110302743,534140138,0,path,,,,,,,,,,,,,,,,,,,,,,,
110404358,534894025,0,path,,,,,,,designated,designated,,,,,,,,,,,"10'0""",,,,
113268402,550474926,0,footway,,,,,,,yes,yes,,,,,,,,,,,,,,,
113268411,550475044,0,footway,,,,,,,,,,,,,,,,,,,,,,,
131746958,559569738,0,footway,,,,,,,,,,,,,,,,,,,,,,,
131746965,435398836,0,service,Stadium Drive,,,10 mph,no,,yes,,,,,,,,,,,,,,,,
131746968,559569733,0,footway,,,,,,,,,,,,,,,,,,,,,,,
131746972,534289535,0,service,,,,,,,,,,,,,,,,,,,,,,,
131746975,559569735,0,footway,,,,,,,,,,,,,,,,,,,,,,,
94823071,431976567,0,path,,,,,,,,,,,,,,,,,,,,,,,
22816908,46202544,0,footway,,,,,,,,yes,,,,,,,,,,,,,,,
55879024,205351478,0,footway,,,,,,,,,,,,,,,,,,,,,,,
55879034,205351486,0,steps,,,,,,,,,,,,,,,,,,,,,,,
54859221,200907304,0,footway,,,,,,,,,,,,,,,,,,,,,,,
67909090,264683972,0,footway,,,,,,,,,,,,,,,,,,,,,,,
22816723,46198372,0,footway,,,,,,,,,,,,,,,,,,,,,,,
69134815,274904395,0,footway,,,,,,,,,,,,,,,,,,,,,,,
54859233,200907303,0,footway,,,,,,,,,,,,,,,,,,,,,,,
54859225,200907305,0,footway,,,,,,,,,,,,,,,,,,,,,,,
67909089,264683970,0,footway,,,,,,,,,,,,,,,,,,,,,,,
58555841,219616747,0,footway,,,,,,,,,,,,,,,,,,,,,,,
58555843,219616744,0,steps,,,,,,,,,,,,,,,,,,,,,,,
69134823,274904409,0,footway,,,,,,,,yes,,,,,,,,,,,,,,,
16427917,27852798,0,footway,,,,,,,yes,,,,,,,,,,,,,,,,
16933341,28828324,0,footway,,,,,,,,yes,,,,,,,,,,,,,,,
69134805,274904394,0,path,,,,,,,designated,designated,,,,,,,,,,,"10'0""",,,,
30393799,97982772,0,footway,,,,,,,,yes,,,,,,,,,,,,,,,
56524609,208190983,0,footway,,,,,,,,yes,,,,,,,,,,,,,,,
56101386,206383696,0,footway,,,,,,,,,,,,,,,,,,,,,,,
63949127,243207964,0,footway,,,,,,,,yes,,,,,,,,,,,,,,,
69134837,274904408,0,footway,,,,,,,,yes,,,,,,,,,,,,,,,
56524596,208190977,0,footway,,,,,,,,yes,,,,,,,,,,,,,,,
32639629,108848204,0,footway,,,,,,,,yes,,,,,,,,,,,"10'0""",,,,
160617651,264683958,0,footway,,,,,,,,,,,,,,,,,,,,,,,
149635,4325623,0,service,,,,10 mph,,,,,,,,,,,,,,,,,,,
9421150,17022180,3,residential,Wardenburg Drive,,,,,,,,,,,,,,,,,,,,,,
16908060,28775461,0,path,Libby Drive,,,,,,designated,designated,,,,,,,,,,,,,,,
16908098,28775575,0,footway,,,,,,,,yes,,,,,,,,,,,,,,,
16908103,28775667,0,footway,,,,,,,,yes,,,,,,,,,,,,,,,
16908108,28775682,0,footway,,,,,,,,yes,,,,,,,,,,,,,,,
16908110,28775671,0,footway,,,,,,,,yes,,,,,,,,,,,,,,,
16908111,28775686,0,footway,,,,,,,,yes,,,,,,,,,,,,,,,
16908113,28775689,0,footway,,,,,,,,yes,,,,,,,,,,,,,,,
16908117,28775693,0,footway,,,,,,,,yes,,,,,,,,,,,,,,,
16908119,28775706,0,footway,,,,,,,,yes,,,,,,,,,,,,,,,
16932560,28827002,0,footway,,,,,,,,yes,,,,,,,,,,,,,,,
16932561,28827004,0,footway,,,,,,,,yes,,,,,,,,,,,,,,,
16932563,28827007,0,footway,,,,,,,,,,,,,,,,,,,,,,,
16932568,28827006,0,footway,,,,,,,,,,,,,,,,,,,,,,,
16932572,28827001,0,footway,,,,,,,,yes,,,,,,,,,,,,,,,
16932574,28827005,0,footway,,,,,,,,,,,,,,,,,,,,,,,
16932591,28827064,0,footway,,,,,,,,yes,,,,,,,,,,,,,,,
16932644,28827209,0,footway,,,,,,,,,,,,,,,,,,,,,,,
16933273,28828207,0,footway,,,,,,,,,,,,,,,,,,,,,,,
16933278,28828209,0,footway,,,,,,,,,,,,,,,,,,,,,,,
16933285,28828208,0,footway,,,,,,,,,,,,,,,,,,,,,,,
22842689,46371878,0,footway,,,,,,,,yes,,,,,,,,,,,,,,,
22842693,46371882,0,footway,,,,,,,,yes,,,,,,,,,,,,,,,
22842694,46371881,0,path,,,,,,,designated,designated,,,,,,,,,,,,,,,
22842695,46371871,0,service,,,,,yes,,,,,,,,,,,driveway,,,,,,,
22842696,46371876,0,footway,,,,,,,,yes,,,,,,,,,,,,,,,
22842698,46371877,0,footway,,,,,,,,yes,,,,,,,,,,,,,,,
22842700,46371886,0,footway,,,,,,,,yes,,,,,,,,,,,,,,,
22842704,46371883,0,footway,,,,,,,,yes,,,,,,,,,,,,,,,
22842706,46371884,0,footway,,,,,,,,yes,,,,,,,,,,,,,,,
22842711,46371889,0,footway,,,,,,,,yes,,,,,,,,,,,,,,,
22842714,46371915,0,footway,,,,,,,,yes,,,,,,,,,,,,,,,
22842715,46371919,0,footway,,,,,,,,yes,,,,,,,,,,,,,,,
22842716,46371918,0,footway,,,,,,,,yes,,,,,,,,,,,,,,,
22842718,46371921,0,footway,,,,,,,,yes,,,,,,,,,,,,,,,
22842719,46371923,0,footway,,,,,,,,yes,,,,,,,,,,,,,,,
22842720,46371922,0,steps,,,,,,,,yes,,,,,,,,,,,,,,,
22842721,46371924,0,footway,,,,,,,,yes,,,,,,,,,,,,,,,
22842722,46371916,0,footway,,,,,,,,yes,,,,,,,,,,,,,,,
22842728,46371920,0,footway,,,,,,,,yes,,,,,,,,,,,,,,,
22856698,46493382,0,footway,,,,,,,,yes,,,,,,,,,,,,,,,
22856701,46493381,0,footway,,,,,,,,yes,,,,,,,,,,,,,,,
22856702,46493391,0,footway,,,,,,,,yes,,,,,,,,,,,,,,,
22856704,46493402,0,footway,,,,,,,,yes,,,,,,,,,,,,,,,
22856705,46493401,0,footway,,,,,,,,yes,,,,,,,,,,,,,,,
22856706,46493396,0,footway,,,,,,,,yes,,,,,,,,,,,,,,,
22856710,46493417,0,footway,,,,,,,,yes,,,,,,,,,,,,,,,
22856711,46493418,0,footway,,,,,,,,yes,,,,,,,,,,,,,,,
22856712,46493404,0,footway,,,,,,,,yes,,,,,,,,,,,,,,,
22856713,46493424,0,footway,,,,,,,,yes,,,,,,,,,,,,,,,
22856715,46493397,0,footway,,,,,,,,yes,,,,,,,,,,,,,,,
22956483,46938906,0,path,,,,,,,designated,designated,,,,,,,,,,"paved;concrete","10'0""",,,,
29414979,92826257,0,footway,,,,,,,no,designated,,,,,,,,,,concrete,,,,,
32639837,108848662,0,footway,,,,,,,,,,,,,,,,,,,,,,,
32639839,108848661,0,footway,,,,,,,,yes,,,,,,,,,,,,,,,
35780896,119941647,0,service,,,,,,,,,,,,,,,,parking_aisle,,,,,,,
45210497,161010386,0,footway,,,,,,,,,,,,,,,,,,,,,,,
45210500,161010391,0,footway,,,,,,,,,,,,,,,,,,,,,,,
45210533,161010733,0,footway,,,,,,,,,,,,,,,,,,,,,,,
45210534,161010732,0,path,,,,,,,designated,designated,,,,,,,,,,,,,,,
55505933,203796995,0,footway,,,,,,,,,,,,,,,,,,,,,,,
55505938,203796977,3,residential,Baker Drive,,,,,,,,,,,,,,,,,,,,,,
55505939,203796997,0,footway,,,,,,,,yes,,,,,,,,,,,,,,,
55892935,205401603,0,footway,,,,,,,,yes,,,,,,,,,,,,,,,
55895862,205410582,0,steps,,,,,,,,,,,,,,,,,,,,,,,
55895863,205410585,0,footway,,,,,,,,,,,,,,,,,,,,,,,
55895864,205410586,0,footway,,,,,,,,,,,,,,,,,,,,,,,
55895865,205410587,0,footway,,,,,,,,,,,,,,,,,,,,,,,
55895867,205410583,0,steps,,,,,,,,,,,,,,,,,,,,,,,
55895868,205410589,0,footway,,,,,,,,,,,,,,,,,,,,,,,
55895869,205410591,0,footway,,,,,,,,,,,,,,,,,,,,,,,
55895871,205410593,0,footway,,,,,,,,,,,,,,,,,,,,,,,
55895872,205410584,0,footway,,,,,,,,,,,,,,,,,,,,,,,
55895877,205410588,0,footway,,,,,,,,,,,,,,,,,,,,,,,
55895878,205410590,0,footway,,,,,,,,yes,,,,,,,,,,,,,,,
55895884,205410592,0,footway,,,,,,,,yes,,,,,,,,,,,,,,,
55897672,205416226,0,steps,,,,,,,,,,,,,,,,,,,,,,,
55897673,205416227,0,footway,,,,,,,,,,,,,,,,,,,,,,,
55897674,205416228,0,footway,,,,,,,,,,,,,,,,,,,,,,,
55897675,205416229,0,steps,,,,,,,,,,,,,,,,,,,,,,,
55897676,205416231,0,steps,,,,,,,,,,,,,,,,,,,,,,,
55897677,205416232,0,footway,,,,,,,,,,,,,,,,,,,,,,,
55897678,205416233,0,footway,,,,,,,,,,,,,,,,,,,,,,,
55897679,205416234,0,footway,,,,,,,,,,,,,,,,,,,,,,,
55897680,205416235,0,footway,,,,,,,,,,,,,,,,,,,,,,,
55897681,205416236,0,steps,,,,,,,,,,,,,,,,,,,,,,,
55897682,205416237,0,steps,,,,,,,,,,,,,,,,,,,,,,,
55897683,205416238,0,footway,,,,,,,,,,,,,,,,,,,,,,,
55897684,205416239,0,steps,,,,,,,,,,,,,,,,,,,,,,,
55897685,205416240,0,footway,,,,,,,,,,,,,,,,,,,,,,,
55897686,205416241,0,footway,,,,,,,,,,,,,,,,,,,,,,,
55897687,205416242,0,footway,,,,,,,,,,,,,,,,,,,,,,,
55897688,205416243,0,footway,,,,,,,,,,,,,,,,,,,,,,,
55897689,205416245,0,steps,,,,,,,,,,,,,,,,,,,,,,,
55897690,205416246,0,steps,,,,,,,,,,,,,,,,,,,,,,,
55897691,205416247,0,footway,,,,,,,,,,,,,,,,,,,,,,,
55897692,205416230,0,service,,,,,,,,,,,,,,,,,,,,,,,
55897693,205416244,0,footway,,,,,,,,yes,,,,,,,,,,,,,,,
55938725,205630774,0,footway,,,,,,,,,,,,,,,,,,,,,,,
56524603,208190987,0,footway,,,,,,,,yes,,,,,,,,,,,,,,,
56524605,208190989,0,footway,,,,,,,,yes,,,,,,,,,,,,,,,
56524616,208190988,0,footway,,,,,,,yes,yes,,,,,,,,,,,,,,,
56867521,209822916,3,residential,Libby Drive,,,,,,,,,,,,,,,,,,,,,,
57739947,215436677,0,service,,,,,no,,,,,,,,,,,parking_aisle,,,,,,,
57739949,215436673,0,service,,,,,no,,,,,,,,,,,parking_aisle,,,,,,,
57739955,215436676,0,service,,,,,no,,,,,,,,,,,parking_aisle,,,,,,,
57885089,216483992,0,service,,,,,,,,,,,,,,,,parking_aisle,,,,,,,
57940679,216703122,0,footway,,,,,,,,,,,,,,,,,,,,,,,
57940684,216703125,0,footway,,,,,,,,,,,,,,,,,,,,,,,
57940693,216703118,0,footway,,,,,,,,,,,,,,,,,,,,,,,
58127918,217601927,0,service,,,,,,,,,,,,,,,,parking_aisle,,,,,,,
63816099,242654651,0,footway,,,,,,,,,,,,,,,,,,,,,,,
74551658,307649235,0,path,,,,,,,designated,designated,,,,,,,,,,,,,,,
79117673,332139012,0,footway,,,,,,,,,,,,,,,,,,,,,,,
81730480,351213243,0,footway,,,,,,,,yes,,,,,,,,,,,,,,,
81730482,351213250,0,footway,,,,,,,yes,,,,,,,,,,,,,,,,
81730483,351213251,0,footway,,,,,,,,,,,,,,,,,,,,,,,
84784448,370244539,0,service,,,,,no,,,,,,,,,,,parking_aisle,,,,,,,
87313019,383959910,0,footway,,,,,,,yes,yes,,,,,,,,,,,,,,,
87313033,383959946,0,footway,,,,,,,,yes,,,,,,,,,,,,,,,
87313045,383959964,0,path,,,,,,,designated,designated,,,,,,,,,,,,,,,
87313048,383959961,0,path,,,,,,,designated,designated,,,,,,,,,,,,,,,
87313051,383959963,0,footway,,,,,,,,,,,,,,,,,,,,,,,
22842703,46371895,0,footway,,,,,,,,yes,,,,,,,,,,,,,,,
22842729,46371917,0,footway,,,,,,,,yes,,,,,,,,,,,,,,,
22856708,46493405,0,footway,,,,,,,,yes,,,,,,,,,,,,,,,
35781787,119945051,0,footway,,,,,,,,,,,,,,,,,,,,,,,
35781788,119945052,0,footway,,,,,,,,,,,,,,,,,,,,,,,
57940691,216703135,0,footway,,,,,,,,,,,,,,,,,,,,,,,
63761747,242401460,0,service,,,,,,,,,,,,,,,,alley,,,,,,,
69591866,278710969,3,residential,Aurora Avenue,,,,,,,,,,,,,,,,,,,,,,
101996324,477227313,3,residential,Libby Drive,,,,,,,,,,,,,,,,,,,,,,
101996326,477227315,0,footway,,,,,,,,yes,,,,,,,,,,,,,,,
101996327,477227317,3,residential,Wardenburg Drive,,,,,,,,,,,,,,,,,,,,,,
101996328,477227316,3,residential,Wardenburg Drive,,,,,,,,,,,,,,,,,,,,,,
101996329,477227311,0,footway,,,,,,,,,,,,,,,,,,,,,,,
101996336,477227312,0,footway,,,,,,,,,,,,,,,,,,,,,,,
101996338,477227319,3,residential,Wardenburg Drive,,,,,,,,,,,,,,,,,,,,,,
101996348,477227310,0,footway,,,,,,,,,,,,,,,,,,,,,,,
102912231,482556416,0,footway,,,,,,,,,,,,,,,,,,,,,,,
102912232,482556415,0,path,,,,,,,,,,,,,,,,,,,,,,,
102912233,482556417,0,footway,,,,,,,,,,,,,,,,,,,,,,,
102912532,482557825,0,footway,,,,,,,yes,,,,,,,,,,,,,,,,
102913128,482560498,0,path,,,,,,,,,,,,,,,,,,,,,,,
102913604,482562375,0,footway,,,,,,,,,,,,,,,,,,,,,,,
102913605,482562376,0,footway,,,,,,,,,,,,,,,,,,,,,,,
102913606,482562378,0,footway,,,,,,,,,,,,,,,,,,,,,,,
102913607,482562379,0,path,,,,,,,,,,,,,,,,,,,,,,,
102913608,482562380,0,footway,,,,,,,,,,,,,,,,,,,,,,,
102913609,482562382,0,footway,,,,,,,,,,,,,,,,,,,,,,,
102913610,482562381,0,footway,,,,,,,,,,,,,,,,,,,,,,,
102913611,482562377,0,footway,,,,,,,,,,,,,,,,,,,,,,,
106584694,507356180,0,path,,,,,,,designated,designated,,,,,,,,,,,,,,,
107988874,517740072,0,footway,,,,,,,,,,,,,,,,,,,,,,,
111635157,542678983,0,footway,,,,,,,,,,,,,,,,,,,,,,,
113082619,549596972,0,footway,,,,,,,,,,,,,,,,,,,,,,,
151338794,216902995,0,service,Willard Loop Drive,,,,,,,,,,,,,,,parking_aisle,,,,,,,
151339258,46493416,0,footway,,,,,,,,yes,,,,,,,,,,,,,,,
151339877,568388211,0,service,Willard Loop Drive,,,,,,,,,,,,,,,parking_aisle,,,,,,,
151339894,217601926,0,service,,,,,,,,,,,,,,,,parking_aisle,,,,,,,
151339947,194216337,3,tertiary_link,,,,,yes,,,,,,,,,,,,,paved,,,,,
151343234,28775563,0,footway,,,,,,,,yes,,,,,,,,,,,,,,,
151343547,568388483,0,footway,,,,,,,,yes,,,,,,,,,,,,,,,
159001855,46371908,0,path,,,,,,,designated,designated,,,,,,,,,,,,,,,
160618288,477227314,0,footway,,,,,,,yes,yes,,,,,,,,,,,,,,,
161379517,477227305,4,tertiary,Regent Drive,,,,no,,,,,,,,,,,,,asphalt,,,,,
161379520,93167832,5,secondary,Broadway,,CO 93,35 mph,yes,,,no,,,,,,,,,,asphalt,,,,,
161379655,212055818,4,tertiary,Regent Drive,,,,no,,,,,,,,,,,,,asphalt,,,,,
161379804,538172296,5,secondary,Broadway,,CO 93,35 mph,yes,,,no,,,,,,,,,,,,,,,
161379876,400523690,4,tertiary,Regent Drive,,,,,,,,,,,,,,,,,asphalt,,,,,
87313020,383959905,0,footway,,,,,,,yes,yes,,,,,,,,,,,,,,,
101996341,477227307,0,footway,,,,,,,yes,yes,,,,,,,,,,,,,,,
87313010,383959915,0,footway,,,,,,,,yes,,,,,,,,,,,,,,,
107988872,517740070,0,service,,,,,,,,,,,,,,,,,,,,,,,
87313037,383959955,0,footway,,,,,,,yes,yes,,,,,,,,,,,,,,,
57971735,216902996,0,service,,,,,,,,,,,,,,,,parking_aisle,,,,,,,
87313011,383959916,0,footway,,,,,,,yes,yes,,,,,,,,,,,,,,,
87313008,383959908,0,footway,,,,,,,,yes,,,,,,,,,,,,,,,
56524614,208190992,0,footway,,,,,,,,yes,,,,,,,,,,,,,,,
87313024,383959911,0,footway,,,,,,,,yes,,,,,,,,,,,,,,,
67912013,264700153,0,steps,,,,,,,,,,,,,,,,,,,,,,,
107988873,517740071,0,footway,,,,,,,,,,,,,,,,,,,,,,,
87313038,383959958,0,path,,,,,,,designated,designated,,,,,,,,,,,,,,,
84784446,370244536,0,service,,,,,no,,,,,,,,,,,parking_aisle,,,,,,,
87313016,383959921,0,footway,,,,,,,,,,,,,,,,,,,,,,,
102912230,482556413,0,path,,,,,,,,,,,,,,,,,,,,,,,
61249418,230596840,0,steps,,,,,,,,,,,,,,,,,,,,,,,
61249419,230596839,0,footway,,,,,,,,,,,,,,,,,,,,,,,
22956475,46938879,0,service,,,,,,,yes,,,,,,,,,,,,,,,,
69591801,278710970,3,residential,Aurora Avenue,,,,yes,,,,,,,,,,,,,,,,,,
87313013,383959914,0,footway,,,,,,,,,,,,,,,,,,,,,,,
57104951,211160374,0,footway,,,,,,,yes,yes,,,,,,,,,,,,,,,
151338844,205389594,0,cycleway,,,,,,,designated,designated,no,no,,,,,,,,"paved;concrete",,,,,
151339871,383959904,0,footway,,,,,,,yes,yes,,,,,,,,,,,,,,,
151339930,568388212,0,service,,,,,yes,,,,,,,,,,,parking_aisle,,,,,,,
9422758,17024208,0,pedestrian,Pleasant Street,,,,,permissive,,,,,,,,,,,,,,,,,
19051443,33869393,0,path,,,,,,,designated,designated,,,,,,,,,,,,,,,
19731798,35584313,0,path,,,,,,,designated,designated,,,,,,,,,,,,,,,
22804955,46147478,0,footway,,,,,,,,yes,,,,,,,,,,,,,,,
22831381,46275949,0,path,,,,,,,designated,designated,,,,,,,,,,,,,,,
22842707,46371898,0,footway,,,,,,,yes,yes,,,,,,,,,,,,,,,
22842708,46371905,0,steps,,,,,,,,yes,,,,,,,,,,,,,,,
22842713,46371897,0,footway,,,,,,,yes,yes,,,,,,,,,,,,,,,
22842725,46371904,0,footway,,,,,,,yes,yes,,,,,,,,,,,,,,,
23772286,50805070,0,footway,,,,,,,,yes,,,,,,,,,,,,,,,
23772287,50805069,0,path,,,,,,,designated,designated,,,,,,,,,,,,,,,
23772288,50805071,0,footway,,,,,,,,yes,,,,,,,,,,,,,,,
16933342,28828322,0,footway,,,,,,,yes,,,,,,,,,,,,,,,,
19731655,35584117,0,footway,,,,,,,,yes,,,,,,,,,,,,,,,
22815902,46194628,0,footway,,,,,,,,yes,,,,,,,,,,,,,,,
32639700,108848356,0,path,,,,,,,designated,designated,,,,,,,,,,,,,,,
32639703,108848355,0,footway,,,,,,,,yes,,,,,,,,,,,,,,,
55472448,203657376,0,footway,,,,,,,,,,,,,,,,,,,,,,,
55472449,203657378,0,steps,,,,,,,,,,,,,,,,,,,,,,,
55472450,203657377,-10,footway,,,,,,,,,,,,,,,yes,,,,,,,,
55472452,203657380,0,footway,,,,,,,,,,,,,,,,,,,,,,,
55472453,203657382,0,footway,,,,,,,,,,,,,,,,,,,,,,,
55472454,203657383,0,steps,,,,,,,,,,,,,,,,,,,,,,,
55472455,203657384,-10,footway,,,,,,,,,,,,,,,yes,,,,,,,,
55472457,203657386,0,footway,,,,,,,,,,,,,,,,,,,,,,,
55472458,203657387,0,footway,,,,,,,,,,,,,,,,,,,,,,,
55472459,203657388,0,footway,,,,,,,,,,,,,,,,,,,,,,,
55472460,203657390,0,footway,,,,,,,,,,,,,,,,,,,,,,,
55472463,203657385,0,footway,,,,,,,,,,,,,,,,,,,,,,,
55473545,203669615,0,footway,,,,,,,,,,,,,,,,,,,,,,,
55511070,203826427,0,path,,,,,,,designated,designated,,,,,,,,,,,"12'0""",,,,
55888650,205386831,0,path,,,,,,,designated,designated,,,,,,,,,,,,,,,
55888654,205386840,0,footway,,,,,,,,,,,,,,,,,,,,,,,
55888656,205386842,-20,path,,,,,,,designated,designated,,,,,,,yes,,,,,,-1,,
55888657,205386835,0,footway,,,,,,,,,,,,,,,,,,,,,,,
55888660,205386845,0,steps,,,,,,,,,,,,,,,,,,,,,,,
55888664,205386837,0,footway,,,,,,,,,,,,,,,,,,,,,,,
55888667,205386853,0,footway,,,,,,,yes,yes,,,,,,,,,,,,,,,
55888668,205386836,0,footway,,,,,,,,,,,,,,,,,,,,,,,
55888669,205386851,0,footway,,,,,,,,yes,,,,,,,,,,,,,,,
55888695,205386848,0,footway,,,,,,,,yes,,,,,,,,,,,,,,,
55888697,205386849,0,footway,,,,,,,yes,yes,,,,,,,,,,,,,,,
56613623,208613380,0,service,,,,,,,,,,,,,,,,,,,,,,,
57940681,216703123,0,footway,,,,,,,,,,,,,,,,,,,,,,,
19731694,35584189,0,path,,,,,,,designated,designated,,,,,,,,,,,,,,,
22842705,46371896,0,footway,,,,,,,,yes,,,,,,,,,,,,,,,
22842710,46371907,0,footway,,,,,,,,yes,,,,,,,,,,,,,,,
32639763,108848523,0,footway,,,,,,,,yes,,,,,,,,,,,,,,,
55511072,203826425,0,footway,,,,,,,,yes,,,,,,,,,,,,,,,
57940709,216703142,0,footway,,,,,,,,,,,,,,,,,,,,,,,
57940710,216703147,0,footway,,,,,,,yes,,,,,,,,,,,,,,,,
57940711,216703149,0,footway,,,,,,,yes,,,,,,,,,,,,,,,,
58127915,217601929,0,service,,,,,,,,,,,,,,,,parking_aisle,,,,,,,
69134793,274904379,0,footway,,,,,,,yes,yes,,,,,,,,,,,,,,,
69134800,274904384,0,footway,,,,,,,yes,yes,,,,,,,,,,,,,,,
69134806,274904390,0,path,,,,,,,designated,designated,,,,,,,,,,,,,,,
69134836,274904422,0,path,,,,,,,designated,designated,,,,,,,,,,,,,,,
96191199,438929541,0,footway,,,,,,,,yes,,,,,,,,,,,,,,,
102912542,482557829,0,footway,,,,,,,yes,,,,,,,,,,,,,,,,
106364703,505706789,0,path,,,,,,,yes,yes,,,,,,,,,,,,,,,
110302741,534140135,0,path,,,,,,,,,,,,,,,,,,paved,,,,,
110404328,534894024,0,path,,,,,,,,,,,,,,,,,,paved,,,,,
113268251,550474270,0,footway,,,,,,,,yes,,,,,,,,,,,,,,,
113268401,550474927,0,path,,,,,,,designated,designated,,,,,,,,,,,,,,,
151338661,482557831,0,footway,,,,,,,yes,,,,,,,,,,,,,,,,
151338808,482557827,0,footway,,,,,,,yes,,,,,,,,,,,,,,,,
151338827,46493420,0,steps,,,,,,,,yes,,,,,,,,,,,,,,,
151338850,482557830,0,footway,,,,,,,yes,,,,,,,,,,,,,,,,
151339128,203796991,0,footway,,,,,,,,yes,,,,,,,,,,,,,,,
151339160,505706788,0,path,,,,,,,designated,designated,,,,,,,,,,,"12'0""",,,,
151339386,482557818,0,path,,,,,,,,,,,,,,,,,,,,,,,
151339631,217601928,0,service,,,,,,,,,,,,,,,,parking_aisle,,,,,,,
151339648,482557823,0,footway,,,,,,,,,,,,,,,,,,,,,,,
151339808,482557821,0,footway,,,,,,,yes,,,,,,,,,,,,,,,,
151339923,482557826,0,path,,,,,,,,,,,,,,,,,,,,,,,
151339967,383959935,0,path,,,,,,,designated,designated,,,,,,,,,,,,,,,
161379718,46493423,4,tertiary,Colorado Avenue,,,15 mph,yes,,,,,,,,,,,,,,,,,,
161379731,105107197,4,tertiary,Colorado Avenue,,,15 mph,,,,,,,,,,,,,,,,,,,
161379895,46493415,4,tertiary,Colorado Avenue,,,15 mph,,permissive,yes,,,,,,,,,,,,,,,,
161379899,474293772,4,tertiary,Colorado Avenue,,,15 mph,yes,,,,,,,,,,,,,,,,,,
9424207,17025882,3,residential,14th Street,,,,,,,,,,,,,,,,,,,,,,
22816912,46202574,0,footway,,,,,,,,yes,,,,,,,,,,,,,,,
31581063,104309635,0,service,,,,,,,,,,,,,,,,alley,,,,,,,
53258654,194216313,4,tertiary,College Avenue,,,25 mph,yes,,designated,,,,,,,,,,,concrete,,,,,
54839777,200807137,0,service,,,,,,,,,,,,,,,,parking_aisle,,paved,,,,,
54859220,200907302,0,service,,,,,,,,,,,,,,,,parking_aisle,,,,,,,
55879023,205351477,0,footway,,,,,,,,,,,,,,,,,,,,,,,
55879029,205351480,0,footway,,,,,,,,,,,,,,,,,,,,,,,
55879035,205351489,0,footway,,,,,,,,,,,,,,,,,,,,,,,
57707426,215333055,0,service,,,,,,,,,,,,,,,,alley,,,,,,,
106478297,506514649,0,path,,,,,,,designated,designated,,,,,,,,,,,,,,,
110835460,538172304,3,residential,15th Street,,,,,,,,,,,,,,,,,,,,,,
111260465,540596572,0,service,,,,,no,,,,,,,,,,,alley,,paved,,,,,
124490367,400904102,4,tertiary,College Avenue,,,25 mph,yes,,,,,,,,,,,,,paved,,,,,
124490408,194216327,4,tertiary,College Avenue,,,25 mph,yes,,designated,,,,,,,,,,,concrete,,,,,
151348831,30118007,0,path,,,,,,yes,designated,designated,no,no,,,,,,,,concrete,"10'0""",,,,
151348902,30699792,0,footway,,,,,,,,,,,,,,,,,,concrete:plates,,,,,
151349050,216903128,0,service,,,,,,,,,,,,,,,,parking_aisle,,,,,,,
151349105,46195526,0,footway,,,,,,,yes,yes,,,,,,,,,,,,,,,
151349112,274904427,0,path,,,,,,,,,,,,,,,,,,,,,,,
152510146,473069248,3,residential,Euclid Avenue,,,,no,,,,,,,,,,,,,,,,,,
161379538,400904098,5,secondary,Broadway,,CO 93,30 mph,yes,,,no,,,,,,,,,,,,,,,
161379600,538172299,5,secondary,Broadway,,CO 93,30 mph,yes,,,no,,,,,,,,,,,,,,,
161379628,400904101,5,secondary,Broadway,,CO 93,30 mph,yes,,,no,,,,,,,,,,,,,,,
161379730,400523674,5,secondary,Broadway,,CO 93,30 mph,yes,,,no,,,,,,,,,,,,,,,
161379770,111476657,5,secondary,Broadway,,CO 93,30 mph,yes,,,no,,,,,,,,,,,,,,,
2642337,8051748,0,service,,,,,,,,,,,,,,,,parking_aisle,,,,,,,
9416135,17015884,3,motorway_link,,,,,yes,,yes,,,,,,,,,,,,,,,,
16908092,28775572,0,footway,,,,,,,,yes,,,,,,,,,,,,,,,
22842690,46371879,0,footway,,,,,,,,yes,,,,,,,,,,,,,,,
22842692,46371880,0,footway,,,,,,,,yes,,,,,,,,,,,,,,,
22956474,46938878,0,service,,,,,,,,,,,,,,,,,,,,,,,
22956476,46938877,0,service,,,,,,,,,,,,,,,,,,,,,,,
24980155,58187432,0,footway,,,,,,,yes,,,,,,,,,,,,,,,,
30681982,99445268,0,path,,,,,,,designated,designated,,,,,,,,,,paved,,,,,
30681983,99445270,0,path,,,,,,,designated,designated,,,,,,,,,,concrete,,,,,
31961876,106342430,3,tertiary_link,,,,,yes,,yes,,,,,,,,,,,,,,,,
35780899,119941652,0,service,,,,,,,,,,,,,,,,parking_aisle,,,,,,,
35780902,119941653,0,service,,,,,,,,,,,,,,,,parking_aisle,,,,,,,
35780903,119941654,0,service,,,,,,,,,,,,,,,,parking_aisle,,,,,,,
45210496,161010385,0,footway,,,,,,,,,,,,,,,,,,,,,,,
45210498,161010389,0,footway,,,,,,,,,,,,,,,,,,,,,,,
45210501,161010392,0,footway,,,,,,,yes,,,,,,,,,,,,,,,,
45210502,161010390,0,cycleway,,,,,,,designated,designated,,,,,,,,,,,,,,,
45210503,161010387,0,footway,,,,,,,,,,,,,,,,,,,,,,,
45210504,161010393,0,footway,,,,,,,,yes,,,,,,,,,,,,,,,
53258667,194216330,0,path,,,,,,,designated,designated,,,,,,,,,,concrete,"10'0""",,,,
53258683,194216347,0,footway,,,,,,,designated,designated,,,,,,,,,,concrete,"10'0""",,,,
53258685,194216348,0,footway,,,,,,,designated,designated,,,,,,,,,,concrete,,,,,
53258907,194217259,0,footway,,,,,,,yes,,,,,,,,,,,concrete,,,,,
53258908,194217255,0,footway,,,,,,,permissive,,,,,,,,,,,concrete,,,,,
53258910,194217263,0,footway,,,,,,,permissive,,,,,,,,,,,concrete,,,,,
53258919,194217254,0,footway,,,,,,,yes,,,,,,,,,,,concrete,,,,,
55869839,205316565,20,path,,,,,,,permissive,,,,,yes,,,,,,,,,1,,
55869840,205316557,0,path,,,,,,,designated,designated,,,,,,,,,,concrete,"10'0""",,,,
55869841,205316569,0,path,,,,,,,permissive,,,,,,,,,,,concrete,,,,,
55869843,205316562,0,path,,,,,,,permissive,,,,,,,,,,,concrete,,,,,
56352830,207509487,0,footway,,,,,,,,yes,,,,,,,,,,,,,,,
56524601,208190971,0,footway,,,,,,,,yes,,,,,,,,,,,,,,,
56524602,208190984,0,footway,,,,,,,,yes,,,,,,,,,,,,,,,
56524604,208190990,0,footway,,,,,,,,yes,,,,,,,,,,,,,,,
56524615,208190993,0,footway,,,,,,,,yes,,,,,,,,,,,,,,,
56612806,208609021,0,footway,,,,,,,,yes,,,,,,,,,,,,,,,
56867519,209822917,0,footway,,,,,,,,,,,,,,,,,,,,,,,
56867520,209822918,0,footway,,,,,,,,,,,,,,,,,,,,,,,
56870371,209851990,0,service,,,,,,,,,,,,,,,,parking_aisle,,,,,,,
56870372,209851994,0,service,,,,,,,,,,,,,,,,parking_aisle,,,,,,,
56870373,209851991,0,service,,,,,,,,,,,,,,,,parking_aisle,,,,,,,
56870374,209851989,0,service,,,,,,,,,,,,,,,,parking_aisle,,,,,,,
56870378,209852001,0,service,,,,,,,,,,,,,,,,parking_aisle,,,,,,,
56870379,209852003,0,service,,,,,,,,,,,,,,,,parking_aisle,,,,,,,
56870381,209852005,0,service,,,,,,,,,,,,,,,,parking_aisle,,,,,,,
56870382,209852006,0,service,,,,,,,,,,,,,,,,parking_aisle,,,,,,,
56870383,209851998,0,service,,,,,,,,,,,,,,,,parking_aisle,,,,,,,
56870385,209851993,0,service,,,,,,,,,,,,,,,,parking_aisle,,,,,,,
56870388,209852004,0,service,,,,,,,,,,,,,,,,parking_aisle,,,,,,,
56870715,209856656,0,service,,,,,,,,,,,,,,,,parking_aisle,,,,,,,
56870716,209856658,0,service,,,,,,,,,,,,,,,,parking_aisle,,,,,,,
56872523,209875827,0,service,,,,,,,,,,,,,,,,parking_aisle,,,,,,,
57104942,211160368,0,footway,,,,,,,,,,,,,,,,,,,,,,,
57104943,211160370,0,steps,,,,,,,,,,,,,,,,,,,,,,,
57104944,211160371,0,footway,,,,,,,,,,,,,,,,,,,,,,,
57104945,211160373,0,footway,,,,,,,,,,,,,,,,,,,,,,,
57104946,211160372,0,footway,,,,,,,,,,,,,,,,,,,,,,,
57104947,211160367,0,footway,,,,,,,yes,yes,,,,,,,,,,,"10'0""",,,,
57104948,211160369,0,footway,,,,,,,,,,,,,,,,,,,,,,,
57104949,211160377,0,service,,,,,,,,,,,,,,,,parking_aisle,,,,,,,
57392595,213143256,0,footway,,,,,,,yes,,,,,,,,,,,,,,,,
57392596,213143254,0,footway,,,,,,,yes,,,,,,,,,,,,,,,,
57940677,216703120,0,footway,,,,,,,,,,,,,,,,,,,,,,,
57940680,216703124,0,footway,,,,,,,,,,,,,,,,,,,,,,,
57940683,216703127,0,steps,,,,,,,,,,,,,,,,,,,,,,,
57940688,216703131,0,steps,,,,,,,,,,,,,,,,,,,,,,,
57940689,216703132,0,service,,,,,,,,,,,,,,,,parking_aisle,,,,,,,
57940690,216703134,0,service,,,,,,,,,,,,,,,,parking_aisle,,,,,,,
57940694,216703129,0,footway,,,,,,,,,,,,,,,,,,,,,,,
57940695,216703138,0,footway,,,,,,,,,,,,,,,,,,,,,,,
57940699,216703145,0,footway,,,,,,,,,,,,,,,,,,,,,,,
57940700,216703146,0,service,,,,,,,,,,,,,,,,parking_aisle,,,,,,,
57940701,216703140,0,footway,,,,,,,,,,,,,,,,,,,,,,,
57940705,216703153,0,footway,,,,,,,,,,,,,,,,,,,,,,,
57940706,216703139,0,footway,,,,,,,,,,,,,,,,,,,,,,,
58127911,217601922,0,service,,,,,,,,,,,,,,,,parking_aisle,,,,,,,
58127912,217601923,0,service,,,,,,,,,,,,,,,,parking_aisle,,,,,,,
58127913,217601925,0,service,,,,,,,,,,,,,,,,parking_aisle,,,,,,,
58127914,217601921,0,service,,,,,,,,,,,,,,,,parking_aisle,,,,,,,
58127917,217601924,0,service,,,,,,,,,,,,,,,,parking_aisle,,,,,,,
61249423,230596841,0,footway,,,,,,,yes,,,,,,,,,,,,,,,,
67909204,264685018,0,steps,,,,,,,,,,,,,,,,,,concrete,,,,,
67909205,264685019,0,steps,,,,,,,,,,,,,,,,,,,,,,,
67911697,264694437,0,footway,,,,,,,,,,,,,,,,,,,,,,,
67911699,264694438,0,path,,,,,,,designated,designated,,,,,,,,,,,,,,,
67911700,264694439,0,footway,,,,,,,designated,designated,,,,,,,,,,,,,,,
67911701,264694442,0,footway,,,,,,,,,,,,,,,,,,,,,,,
67911721,264694443,0,footway,,,,,,,yes,,,,,,,,,,,,,,,,
67911726,264694444,0,footway,,,,,,,,yes,,,,,,,,,,,,,,,
67911945,264695707,0,steps,,,,,,,,,,,,,,,,,,,,,,,
67911947,264695710,0,footway,,,,,,,,,,,,,,,,,,,,,,,
67912012,264700152,0,footway,,,,,,,,,,,,,,,,,,,,,,,
67912014,264700155,0,footway,,,,,,,,,,,,,,,,,,,,,,,
81730481,351213246,0,footway,,,,,,,,,,,,,,,,,,,,,,,
81730490,351213247,0,footway,,,,,,,yes,,,,,,,,,,,,,,,,
81730497,351213248,0,footway,,,,,,,,,,,,,,,,,,,,,,,
86301926,377688832,0,footway,,,,,,,,,,,,,,,,,,,,,,,
87313012,383959918,0,footway,,,,,,,,yes,,,,,,,,,,,,,,,
87313015,383959922,0,footway,,,,,,,,yes,,,,,,,,,,,,,,,
87313017,383959923,0,footway,,,,,,,,,,,,,,,,,,,,,,,
87313018,383959912,0,footway,,,,,,,,yes,,,,,,,,,,,,,,,
87313021,383959924,0,footway,,,,,,,,yes,,,,,,,,,,,,,,,
87313022,383959932,0,footway,,,,,,,,yes,,,,,,,,,,,,,,,
87313023,383959931,0,footway,,,,,,,designated,designated,,,,,,,,,,,,,,,
87313025,383959928,0,footway,,,,,,,,yes,,,,,,,,,,,,,,,
87313026,383959934,0,footway,,,,,,,,yes,,,,,,,,,,,,,,,
87313027,383959942,0,footway,,,,,,,,yes,,,,,,,,,,,,,,,
87313028,383959933,0,footway,,,,,,,,yes,,,,,,,,,,,,,,,
87313029,383959945,0,footway,,,,,,,designated,designated,,,,,,,,,,,,,,,
87313030,383959944,0,footway,,,,,,,,yes,,,,,,,,,,,,,,,
87313031,383959949,0,footway,,,,,,,,yes,,,,,,,,,,,,,,,
87313032,383959925,0,footway,,,,,,,,yes,,,,,,,,,,,,,,,
87313034,383959951,0,footway,,,,,,,,yes,,,,,,,,,,,,,,,
87313039,383959929,0,footway,,,,,,,,yes,,,,,,,,,,,,,,,
87313040,383959940,0,footway,,,,,,,designated,designated,,,,,,,,,,,,,,,
87313041,383959956,0,path,,,,,,,designated,designated,,,,,,,,,,,,,,,
87313044,383959937,0,footway,,,,,,,,yes,,,,,,,,,,,,,,,
87313050,383959948,0,footway,,,,,,,,yes,,,,,,,,,,,,,,,
89132893,395201991,3,motorway_link,,,,,yes,,yes,,,,,,,,,,,,,,,,
90143957,401302316,0,path,,,,,,,designated,designated,,,,,,,,,,concrete,"10'0""",,,,
94823839,431979456,0,footway,,,,,,,,,,,,,,,,,,,,,,,
101996322,477227309,0,path,,,,,,,designated,designated,,,,,,,,,,,,,,,
101996330,477227308,0,footway,,,,,,,designated,designated,,,,,,,,,,,,,,,
102912863,482559139,0,footway,,,,,,,,,,,,,,,,,,,,,,,
102912871,482559140,0,footway,,,,,,,,,,,,,,,,,,,,,,,
102912983,482559477,0,footway,,,,,,,,,,,,,,,,,,,,,,,
102913098,482560081,0,steps,,,,,,,,,,,,,,,,,,,,,,,
102913172,482560847,0,footway,,,,,,,,,,,,,,,,,,,,,,,
106359084,505678551,0,path,,,,,,,designated,designated,,,,,,,,,,concrete,"10'0""",,,,
106384135,505877580,0,path,,,,,,,designated,designated,,,,,,,,,,,,,,,
106584695,507356181,0,footway,,,,,,,permissive,,,,,,,,,,,concrete,,,,,
107988875,517740069,0,footway,,,,,,,,,,,,,,,,,,,,,,,
107993327,517764665,0,footway,,,,,,,,,,,,,,,,,,,,,,,
107993329,517764666,0,footway,,,,,,,,,,,,,,,,,,,,,,,
107993330,517764667,0,footway,,,,,,,,,,,,,,,,,,,,,,,
107993336,517764668,0,footway,,,,,,,,,,,,,,,,,,,,,,,
108687895,522744291,3,tertiary_link,,,,,yes,,,,,,,,,,,,,paved,,,,,
113268245,550474272,0,path,,,,,,,designated,designated,,,,,,,,,,,,,,,
151338780,203657381,0,path,,,,,,,designated,designated,,,,,,,,,,,,,,,
151339000,482557828,0,path,,,,,,,yes,,,,,,,,,,,,,,,,
151343233,46493398,0,footway,,,,,,,,yes,,,,,,,,,,,,,,,
151343306,431979101,0,footway,Cockerell Drive,,,,,,,yes,,,,,,,,,,,,,,,
160617147,571842953,0,path,,,,,,,,,,,,,,,,,,,,,,,
160617159,242655835,0,footway,,,,,,,yes,yes,,,,,,,,,,,,,,,
160617161,571842951,0,path,,,,,,,,,,,,,,,,,,,,,,,
160617163,242655942,0,footway,,,,,,,yes,yes,,,,,,,,,,,,,,,
160617168,571842950,0,path,,,,,,,,,,,,,,,,,,,,,,,
160617169,571842952,0,path,,,,,,,,,,,,,,,,,,,,,,,
161379414,395201966,4,tertiary,Colorado Avenue,,,30 mph,yes,,designated,,,,,,,,,,,,,,,,
161379467,395201961,4,tertiary,Colorado Avenue,,,30 mph,,,designated,,,,,,,,,,,,,,,,
161379485,37998527,4,tertiary,Colorado Avenue,,,30 mph,,,designated,,,,,,,,,,,,,,,,
161379508,194216328,4,tertiary,Regent Drive,,,,no,,yes,,,,,,,,,,,asphalt,,,,,
161379578,17020517,4,tertiary,Regent Drive,,,,,,yes,,,,,,,,,,,paved,,,,,
161379636,395201968,4,tertiary,Colorado Avenue,,,30 mph,yes,,designated,,,,,,,,,,,,,,,,
161379678,37998526,4,tertiary,Colorado Avenue,,,30 mph,yes,,designated,,,,,,,,,,,,,,,,
161379712,373800000,4,tertiary,Colorado Avenue,,,30 mph,yes,,designated,,,,,,,,,,,,,,,,
161379738,17015882,3,primary_link,,,,,yes,,,,,,,,,,,,,,,,,,
161379808,477227306,4,tertiary,Regent Drive,,,,no,,,,,,,,,,,,,asphalt,,,,,
161379846,194216322,24,tertiary,Regent Drive,,,,no,,,,,,,yes,,,,,,paved,,,1,,
161379874,395201964,4,tertiary,Colorado Avenue,,,30 mph,yes,,designated,,,,,,,,,,,,,,,,
161379913,395201965,4,tertiary,Colorado Avenue,,,30 mph,yes,,designated,,,,,,,,,,,,,,,,
9424630,17026269,3,residential,Kittredge Loop Drive,,,25 mph,,,designated,,,,,,,,,,,,,,,,
19110494,33969458,0,path,,,,,,,designated,designated,,,,,,,,,,concrete,"10'0""",,,,
19110511,33969475,0,path,,,,,,,designated,designated,,,,,,,,,,,"10'0""",,,,
30298053,97511578,-20,path,,,,,,,designated,designated,,,,,,,yes,,,concrete,,,-1,,
30298056,97511575,0,path,,,,,,,designated,designated,,,,,,,,,,concrete,"10'0""",,,,
30681988,99445266,0,footway,,,,,,,designated,designated,,,,,,,,,,concrete,10',,,,
53258672,194216335,0,path,,,,,,,designated,designated,,,,,,,,,,concrete,,,,,
53258906,194217256,20,footway,,,,,,,permissive,,,,,yes,,,,,,concrete,,,1,,
53258911,194217257,20,footway,,,,,,,yes,,,,,yes,,,,,,concrete,,,1,,
53258915,194217264,0,footway,,,,,,,yes,,,,,,,,,,,concrete,,,,,
55867569,205303872,0,footway,,,,,,,,,,,,,,,,,,,,,,,
55867574,205303870,0,footway,,,,,,,yes,,,,,,,,,,,,,,,,
56524610,208190991,0,footway,,,,,,,designated,designated,,,,,,,,,,,,,,,
57392594,213143255,0,footway,,,,,,,,,,,,,,,,,,,,,,,
57739946,215436674,0,service,,,,,no,,,,,,,,,,,parking_aisle,,,,,,,
57739948,215436675,0,service,,,,,no,,,,,,,,,,,parking_aisle,,,,,,,
57940675,216703115,0,footway,,,,,,,,,,,,,,,,,,,,,,,
57940676,216703119,0,footway,,,,,,,,,,,,,,,,,,,,,,,
57940678,216703117,0,service,,,,,,,,,,,,,,,,parking_aisle,,,,,,,
57940685,216703128,0,footway,,,,,,,,,,,,,,,,,,,,,,,
57940686,216703116,0,footway,,,,,,,,,,,,,,,,,,,,,,,
57940687,216703130,0,service,,,,,,,,,,,,,,,,parking_aisle,,,,,,,
57940692,216703136,0,footway,,,,,,,,,,,,,,,,,,,,,,,
57940696,216703143,0,footway,,,,,,,,,,,,,,,,,,,,,,,
57940697,216703144,0,footway,,,,,,,,,,,,,,,,,,,,,,,
57940707,216703150,0,footway,,,,,,,yes,,,,,,,,,,,,,,,,
61249420,230596843,0,footway,,,,,,,yes,,,,,,,,,,,,,,,,
61249430,230596844,0,footway,,,,,,,yes,,,,,,,,,,,,,,,,
67911698,264694440,0,footway,,,,,,,yes,,,,,,,,,,,,,,,,
67911946,264695705,0,footway,,,,,,,yes,yes,,,,,,,,,,,,,,,
81730494,351213249,0,footway,,,,,,,,,,,,,,,,,,,,,,,
81730495,351213245,0,path,,,,,,,designated,designated,,,,,,,,,,,,,,,
81730496,351213244,0,footway,,,,,,,,,,,,,,,,,,,,,,,
84784445,370244534,0,service,,,,,no,,,,,,,,,,,parking_aisle,,,,,,,
84784447,370244541,0,service,,,,,no,,,,,,,,,,,parking_aisle,,,,,,,
84784449,370244538,0,service,,,,,no,,,,,,,,,,,parking_aisle,,,,,,,
90017850,400523636,4,tertiary,20th Street,,,,no,,,,,,,,,,,,,asphalt,,,,,
90143960,401302317,0,path,,,,,,,designated,designated,,,,,,,,,,concrete,"10'0""",,,,
102912320,482557036,0,footway,,,,,,,,,,,,,,,,,,,,,,,
102912324,482557037,0,footway,,,,,,,,,,,,,,,,,,,,,,,
106364640,505706079,0,path,,,,,,,designated,designated,,,,,,,,,,concrete,,,,,
106383661,505873712,0,path,,,,,,,designated,designated,,,,,,,,,,concrete,"10'0""",,,,
107993325,517764663,0,footway,,,,,,,,,,,,,,,,,,,,,,,
107993326,517764664,0,footway,,,,,,,,,,,,,,,,,,,,,,,
107993328,517764662,0,path,,,,,,,designated,designated,,,,,,,,,,,,,,,
110341636,534390690,0,cycleway,,,,,,,designated,no,no,no,,,,,,,,concrete,"10'0""",,,,
110835458,538172297,0,path,,,,,,,designated,designated,,,,,,,,,,concrete,,,,,
113082618,549596970,0,path,,,,,,,designated,designated,,,,,,,,,,,,,,,
113082621,549596973,0,footway,,,,,,,designated,designated,,,,,,,,,,,,,,,
113082625,549596974,0,footway,,,,,,,,yes,,,,,,,,,,,,,,,
113082633,549596971,0,path,,,,,,,designated,designated,,,,,,,,,,,,,,,
113082644,549596969,0,footway,,,,,,,yes,yes,,,,,,,,,,,,,,,
149077117,17018068,5,secondary,Broadway,,CO 93,35 mph,yes,,,no,,,,,,,,,,,,,,,
149256571,17022849,3,secondary_link,,,,,no,,,,,,,,,,,,,asphalt,,,,,
161379452,400523684,5,secondary,Broadway,,CO 93,35 mph,yes,,,no,,,,,,,,,,,,,,,
161379457,400523678,5,secondary,Broadway,,CO 93,35 mph,yes,,,no,,,,,,,,,,,,,,,
161379567,400523677,5,secondary,Broadway,,CO 93,30 mph,yes,,,no,,,,,,,,,,asphalt,,,,,
161379657,41999152,5,secondary,Broadway,,CO 93,35 mph,yes,,,no,,,,,,,,,,,,,,,
161379762,131933416,5,secondary,Broadway,,CO 93,35 mph,yes,,,no,,,,,,,,,,,,,,,
31581069,104309643,3,residential,15th Street,,,,,,,,,,,,,,,,,,,,,,
53258671,194216338,0,path,,,,,,,designated,designated,no,no,,,,,,,,concrete,,,,,
22816909,46202547,0,footway,,,,,,,,yes,,,,,,,,,,,,,,,
22816911,46202553,0,path,,,,,,,designated,designated,,,,,,,,,,,,,,,
67909082,264683960,0,footway,,,,,,,,,,,,,,,,,,,,,,,
67909083,264683961,0,footway,,,,,,,,,,,,,,,,,,,,,,,
67909081,264683959,0,footway,,,,,,,,,,,,,,,,,,,,,,,
67909088,264683969,0,footway,,,,,,,,,,,,,,,,,,,,,,,
22816785,46200735,0,footway,,,,,,,,,,,,,,,,,,,,,,,
69134794,274904380,0,footway,,,,,,,,,,,,,,,,,,,,,,,
69134832,274904417,0,footway,,,,,,,,,,,,,,,,,,,,,,,
22818645,46219900,0,footway,,,,,,,,,,,,,,,,,,,,,,,
69134811,274904400,0,path,,,,,,,designated,designated,,,,,,,,,,,"10'0""",,,,
22805057,46148120,0,footway,,,,,,,yes,yes,,,,,,,,,,,,,,,
69134817,274904396,0,footway,,,,,,,,yes,,,,,,,,,,,,,,,
69134810,274904393,0,footway,,,,,,,,yes,,,,,,,,,,,,,,,
22804992,46147861,0,footway,,,,,,,yes,yes,,,,,,,,,,,,,,,
69134803,274904389,0,steps,,,,,,,,yes,,,,,,,,,,,,,,,
55512095,203830432,0,service,,,,,,,,,,,,,,,,driveway,,,,,,,
69134812,274904401,0,footway,,,,,,,,yes,,,,,,,,,,,,,,,
69134825,274904375,0,footway,,,,,,,yes,yes,,,,,,,,,,,,,,,
69134826,274904413,0,footway,,,,,,,,,,,,,,,,,,,,,,,
9423311,17024870,4,tertiary,University Avenue,,,,,,yes,,,,,,,,,,,,,,,,
9424650,17026370,4,tertiary,17th Street,,,25 mph,,,designated,,,,,,,,,,,asphalt,,,,,
69134841,274904406,0,footway,,,,,,,yes,yes,,,,,,,,,,,,,,,
149893218,194213828,3,secondary_link,,,,,yes,,,,,,,,,,,,,concrete,,,,,
161379790,400904096,5,secondary,Broadway,,CO 93,30 mph,yes,,,no,,,,,,,,,,paved,,,,,
161379795,400523671,5,secondary,Broadway,,CO 93,30 mph,yes,,,no,,,,,,,,,,asphalt,,,,,
161379859,400523668,5,secondary,Broadway,,CO 93,30 mph,yes,,,no,,,,,,,,,,asphalt,,,,,
53258665,194216331,0,path,,,,,,,designated,designated,no,no,,,,,,,,concrete,,,,,
56042715,206111944,0,footway,,,,,,,,,,,,,,,,,,,,,,,
54859332,200907726,0,footway,,,,,,,yes,yes,,,,,,,,,,,,,,,
54859340,200907727,0,path,,,,,,,designated,designated,,,,,,,,,,,,,,,
56042710,206111942,0,steps,,,,,,,,,,,,,,,,,,,,,,,
55879060,205351487,0,steps,,,,,,,,,,,,,,,,,,,,,,,
55879039,205351492,0,footway,,,,,,,,,,,,,,,,,,,,,,,
67909085,264683966,0,footway,,,,,,,,,,,,,,,,,,,,,,,
57940682,216703126,0,footway,,,,,,,,,,,,,,,,,,,,,,,
67909084,264683963,0,footway,,,,,,,,,,,,,,,,,,,,,,,
55868201,205305294,0,footway,,,,,,,,,,,,,,,,,,,,,,,
55868205,205305298,0,footway,,,,,,,,,,,,,,,,,,,,,,,
55868202,205305295,0,footway,,,,,,,,,,,,,,,,,,,,,,,
69134790,274904377,0,footway,,,,,,,,,,,,,,,,,,,,,,,
55868206,205305296,0,footway,,,,,,,,,,,,,,,,,,,,,,,
16933340,28828323,0,footway,,,,,,,yes,yes,,,,,,,,,,,,,,,
16933346,28828325,0,footway,,,,,,,yes,yes,,,,,,,,,,,,,,,
22818640,46219901,0,footway,,,,,,,,,,,,,,,,,,,,,,,
69134795,274904383,0,footway,,,,,,,yes,yes,,,,,,,,,,,,,,,
22805059,46148121,0,footway,,,,,,,yes,yes,,,,,,,,,,,,,,,
22804942,46147480,0,footway,,,,,,,,yes,,,,,,,,,,,,,,,
56524606,208190985,0,footway,,,,,,,,yes,,,,,,,,,,,,,,,
56524593,208190967,0,footway,,,,,,,yes,yes,,,,,,,,,,,,,,,
55512096,203830428,4,tertiary,Macky Drive,,,,,,yes,,,,,,,,,,,,,,,,
69134802,274904373,0,footway,,,,,,,yes,yes,,,,,,,,,,,,,,,
53258681,194216340,0,service,University Avenue,,,,yes,,yes,,,,,,,,,driveway,,,,,,,
69134846,274904418,0,footway,,,,,,,,yes,,,,,,,,,,,,,,,
96191089,438929273,0,footway,,,,,,,,,,,,,,,,,,,,,,,
106365738,505722518,0,footway,,,,,,,,yes,,,,,,,,,,,,,,,
161379453,400523673,5,secondary,Broadway,,CO 93,30 mph,yes,,,no,,,,,,,,,,,,,,,
9418205,17018618,3,unclassified,Green Mountain Street,,,,,,,,,,,,,,,,,,,,,,
22818669,46223881,0,footway,,,,,,,,yes,,,,,,,,,,,,,,,
22831378,46275946,0,footway,,,,,,,,yes,,,,,,,,,,,,,,,
22842697,46371888,0,footway,,,,,,,,yes,,,,,,,,,,,,,,,
22842699,46371887,0,path,,,,,,,designated,designated,,,,,,,,,,,,,,,
22842701,46371875,0,footway,,,,,,,yes,yes,,,,,,,,,,,,,,,
22842702,46371894,0,path,,,,,,,designated,designated,,,,,,,,,,,,,,,
22842709,46371906,0,footway,,,,,,,,yes,,,,,,,,,,,,,,,
22842723,46371927,0,service,,,,,,,,,,,,,,,,,,,,,,,
22842724,46371929,0,footway,,,,,,,,yes,,,,,,,,,,,,,,,
22842726,46371935,0,service,,,,,,,,,,,,,,,,,,,,,,,
22842731,46371959,0,service,,,,,,,,,,,,,,,,,,,,,,,
9424501,17026211,3,residential,16th Street,,,20 mph,no,,,,,,,,,,,,,asphalt,,,,,
22805048,46148101,0,path,,,,,,,yes,yes,,,,,,,,,,,,,,,
22816910,46202558,0,footway,,,,,,,,yes,,,,,,,,,,,,,,,
32639764,108848522,0,footway,,,,,,,,yes,,,,,,,,,,,,,,,
53258653,194216318,0,path,,,,,,yes,designated,designated,no,no,,,,,,,,concrete,"10'0""",,,,
53258660,194216326,20,path,,,,,,,designated,designated,,,,yes,,,,,,paved,,,1,,
53258669,194216333,-20,path,,,,,,yes,designated,designated,no,no,,,,,yes,,,concrete,,,-1,,
53258678,194216345,0,footway,,,,,,yes,yes,yes,no,no,,,,,,,,concrete,,,,,
53258682,194216349,3,residential,18th Street,,,,yes,,,,,,,,,,,,,,,,,,
53258684,194216344,4,tertiary,18th Street,,,,no,,designated,,,,,,,,,,,,,,,,
53258688,194216341,0,footway,,,,,,,,,,,,,,,,,,paved,,,,,
53258921,194217286,0,footway,,,,,,,,,,,,,,,,,,,,,,,
55505931,203796989,-10,path,,,,,,,designated,designated,,,,,,,yes,,,,,,,,
55505932,203796992,0,service,,,,,,,,,,,,,,,,parking_aisle,,,,,,,
55505934,203796996,0,service,,,,,,,,,,,,,,,,,,,,,,,
55505935,203796986,0,steps,,,,,,,,yes,,,,,,,,,,,,,,,
55505940,203797000,0,footway,,,,,,,yes,,,,,,,,,,,,,,,,
55505941,203796988,0,service,,,,,,,,,,,,,,,,,,,,,,,
55868197,205305289,-20,path,Central Campus Mall,,,,,,yes,,,,,,,,yes,,,,,,-1,,
55868198,205305290,0,footway,Central Campus Mall,,,,,,yes,,,,,,,,,,,,,,,,
55868200,205305293,0,footway,,,,,,,,,,,,,,,,,,,,,,,
55868204,205305297,0,footway,,,,,,,,,,,,,,,,,,,,,,,
55879022,205351476,-20,footway,,,,,,,,,,,,,,,yes,,,,,,-1,,
55879025,205351479,0,steps,,,,,,,,,,,,,,,,,,,,,,,
55879027,205351481,0,steps,,,,,,,,,,,,,,,,,,,,,,,
55879028,205351482,0,footway,,,,,,,,,,,,,,,,,,,,,,,
55879030,205351483,0,steps,,,,,,,,,,,,,,,,,,,,,,,
55879031,205351484,0,footway,,,,,,,,,,,,,,,,,,,,,,,
55879032,205351485,0,footway,,,,,,,,,,,,,,,,,,,,,,,
55879037,205351491,-20,footway,,,,,,,yes,designated,,,,,,,yes,,,,,,-1,,
55879052,205351490,0,path,,,,,,,designated,designated,,,,,,,,,,,,,,,
55879064,205351493,0,path,,,,,,,designated,designated,,,,,,,,,,,,,,,
55888646,205386832,0,steps,,,,,,,,,,,,,,,,,,,,,,,
55888651,205386833,0,footway,,,,,,,,,,,,,,,,,,,,,,,
55888652,205386839,0,steps,,,,,,,,,,,,,,,,,,,,,,,
55888653,205386838,0,footway,,,,,,,,,,,,,,,,,,,,,,,
55888658,205386843,0,footway,,,,,,,,,,,,,,,,,,,,,,,
55888659,205386844,0,footway,,,,,,,,,,,,,,,,,,,,,,,
55888665,205386846,0,footway,,,,,,,,,,,,,,,,,,,,,,,
56042711,206111943,0,steps,,,,,,,,,,,,,,,,,,,,,,,
56042729,206111945,0,footway,,,,,,,yes,,,,,,,,,,,,,,,,
56524600,208190980,0,path,,,,,,,designated,designated,,,,,,,,,,,,,,,
56615672,208622370,0,service,,,,,,,,,,,,,,,,parking_aisle,,,,,,,
56837929,209632290,0,footway,,,,,,,,,,,,,,,,,,,,,,,
56870375,209851996,0,service,,,,,yes,,,,,,,,,,,parking_aisle,,,,,,,
56870376,209851997,0,footway,,,,,,,,,,,,,,,,,,,,,,,
56870377,209851999,0,service,,,,,,,,,,,,,,,,parking_aisle,,,,,,,
56870380,209852000,0,footway,,,,,,,,,,,,,,,,,,,,,,,
56870384,209852008,0,service,,,,,yes,,,,,,,,,,,parking_aisle,,,,,,,
56870386,209851995,0,service,,,,,yes,,,,,,,,,,,parking_aisle,,,,,,,
56870387,209852007,0,service,,,,,yes,,,,,,,,,,,parking_aisle,,,,,,,
57940702,216703133,0,footway,,,,,,,,,,,,,,,,,,,,,,,
57940703,216703141,0,footway,,,,,,,,,,,,,,,,,,,,,,,
57940704,216703152,0,footway,,,,,,,,,,,,,,,,,,,,,,,
57940708,216703151,0,path,,,,,,,designated,designated,,,,,,,,,,,,,,,
57940742,216703148,0,path,,,,,,,designated,designated,,,,,,,,,,,10'0,,,,
57971746,216903048,0,service,,,,,,,,,,,,,,,,parking_aisle,,,,,,,
57971747,216903049,0,service,,,,,,,,,,,,,,,,parking_aisle,,,,,,,
57971748,216903051,0,service,,,,,,,,,,,,,,,,parking_aisle,,,,,,,
57971752,216903056,0,service,,,,,,,,,,,,,,,,parking_aisle,,,,,,,
57971753,216903058,0,service,,,,,,,,,,,,,,,,parking_aisle,,,,,,,
58555834,219616736,0,footway,,,,,,,,,,,,,,,,,,,,,,,
58555835,219616737,0,footway,,,,,,,,,,,,,,,,,,,,,,,
58555836,219616738,0,steps,,,,,,,,,,,,,,,,,,,,,,,
58555837,219616739,0,service,,,,,,,,,,,,,,,,parking_aisle,,,,,,,
58555842,219616741,0,footway,,,,,,,,,,,,,,,,,,,,,,,
58555844,219616742,0,footway,,,,,,,,,,,,,,,,,,,,,,,
67909086,264683967,0,footway,,,,,,,,,,,,,,,,,,,,,,,
67909091,264683973,0,footway,,,,,,,,,,,,,,,,,,,,,,,
67909092,264683975,0,footway,,,,,,,,,,,,,,,,,,,,,,,
67909093,264683974,0,footway,,,,,,,,,,,,,,,,,,,,,,,
71982061,293930526,0,footway,,,,,,,,yes,,,,,,,,,,,,,,,
71982075,293930525,0,footway,,,,,,,,yes,,,,,,,,,,,,,,,
87313005,383959906,0,footway,,,,,,,,yes,,,,,,,,,,,,,,,
87313007,383959907,0,path,,,,,,,designated,designated,,,,,,,,,,,,,,,
87313035,383959954,0,path,,,,,,,designated,designated,,,,,,,,,,,,,,,
87313042,383959959,0,footway,,,,,,,,yes,,,,,,,,,,,,,,,
90017837,400523626,3,residential,16th Street,,,20 mph,no,,,,,,,,,,,,,asphalt,,,,,
90017856,400523627,3,residential,16th Street,,,20 mph,no,,,,,,,,,,,,,asphalt,,,,,
94823065,431976565,0,footway,,,,,,,,,,,,,,,,,,,,,,,
94823141,431976855,0,service,,,,,,,,,,,,,,,,alley,,,,,,,
98405875,452544471,0,path,,,,,,,designated,designated,,,,,,,,,,,,,,,
101996356,477227318,3,residential,Wardenburg Drive,,,,,,,,,,,,,,,,,,,,,,
102911914,482555217,0,footway,,,,,,,,,,,,,,,,,,,,,,,
102911915,482555218,0,footway,,,,,,,,,,,,,,,,,,,,,,,
102911917,482555220,0,footway,,,,,,,,,,,,,,,,,,,,,,,
102911918,482555224,0,footway,,,,,,,,,,,,,,,,,,,,,,,
102911919,482555219,0,footway,,,,,,,,,,,,,,,,,,,,,,,
102911920,482555221,0,footway,,,,,,,,,,,,,,,,,,,,,,,
102911921,482555225,0,footway,,,,,,,,,,,,,,,,,,,,,,,
102911922,482555226,0,footway,,,,,,,,,,,,,,,,,,,,,,,
102911923,482555223,0,footway,,,,,,,,,,,,,,,,,,,,,,,
102911924,482555222,0,footway,,,,,,,,,,,,,,,,,,,,,,,
102911926,482555227,0,footway,,,,,,,,,,,,,,,,,,,,,,,
102911941,482555228,0,footway,,,,,,,,,,,,,,,,,,,,,,,
102912234,482556414,0,footway,,,,,,,,,,,,,,,,,,,,,,,
107988969,517740736,0,service,,,,,,,,,,,,,,,,,,,,,,,
107988970,517740737,0,footway,,,,,,,,,,,,,,,,,,,,,,,
108567932,521722593,3,residential,17th Street,,,,no,,,,,,,,,,,,,asphalt,,,,,
110835457,538172298,0,footway,,,,,,,designated,designated,,,,,,,,,,concrete,"10'0""",,,,
113268249,550474274,0,path,,,,,,,designated,designated,,,,,,,,,,,,,,,
124490326,212055815,4,tertiary,Euclid Avenue,,,,,,designated,no,,,,,,,,,,asphalt,,,,,
149892978,194216323,3,secondary_link,,,,,yes,,,,,,,,,,,,,,,,,,
149893010,17026167,3,secondary_link,,,,,yes,,,,,,,,,,,,,,,,,,
149893026,194216325,3,secondary_link,,,,,yes,,,,,,,,,,,,,,,,,,
149893095,194216332,3,secondary_link,,,,,yes,,designated,,,,,,,,,,,,,,,,
151338721,205386850,0,footway,,,,,,,,,,,,,,,,,,,,,,,
151339532,383959900,0,footway,Central Campus Mall,,,,,,,yes,,,,,,,,,,,,,,,
151339668,452544470,0,path,,,,,,,designated,designated,,,,,,,,,,,"10'0""",,,,
151339747,205389593,0,path,,,,,,,designated,designated,no,no,,,,,,,,"paved;concrete","10'0""",,,,
151339775,46371960,0,path,,,,,,,designated,designated,,,,,,,,,,,,,,,
161379484,134064851,5,secondary,Broadway,,CO 93,30 mph,yes,,,no,,,,,,,,,,asphalt,,,,,
161379652,217913344,5,secondary,Broadway,,CO 93,30 mph,yes,,,no,,,,,,,,,,asphalt,,,,,
161379669,43337683,5,secondary,Broadway,,CO 93,30 mph,yes,,,no,,,,,,,,,,concrete,,,,,
161379681,17026164,4,tertiary,18th Street,,,15 mph,no,permissive,designated,,,,,,,,,,,,,,,,
161379786,212055811,5,secondary,Broadway,,CO 93,30 mph,yes,,,no,,,,,,,,,,paved,,,,,
161379789,194213827,3,secondary_link,,,,,yes,,,,,,,,,,,,,concrete,,,,,
161379885,17024893,4,tertiary,Euclid Avenue,,,15 mph,,,designated,,,,,,,,,,,asphalt,,,,,
161379890,212055812,5,secondary,Broadway,,CO 93,30 mph,yes,,,no,,,,,,,,,,,,,,,
56524598,208190976,0,footway,,,,,,,yes,yes,,,,,,,,,,,,,,,
69134834,274904420,0,footway,,,,,,,,yes,,,,,,,,,,,,,,,
69134845,274904426,0,footway,,,,,,,yes,yes,,,,,,,,,,,,,,,
69134851,274904424,0,footway,,,,,,,,,,,,,,,,,,,,,,,
76714074,318135981,0,service,,,,,,,,,,,,,,,,,,,,,,,
90017841,400523630,4,tertiary,17th Street,,,25 mph,,,designated,,,,,,,,,,,asphalt,,,,,
96121392,438460084,0,path,,,,,,,,,,,,,,,,,,ground,,,,,
96191087,438929272,0,steps,,,,,,,,,,,,,,,,,,,,,,,
96191093,438929276,0,footway,,,,,,,,,,,,,,,,,,,,,,,
96191094,438929277,0,footway,,,,,,,,,,,,,,,,,,,,,,,
96191095,438929278,0,footway,,,,,,,,,,,,,,,,,,,,,,,
96191099,438929282,0,footway,,,,,,,yes,,,,,,,,,,,,,,,,
96191101,438929284,0,footway,,,,,,,,,,,,,,,,,,,,,,,
106478677,506516234,4,tertiary,University Avenue,,,25 mph,no,,designated,,,,,,,,,,,asphalt,,,,,
149942169,400523697,3,tertiary_link,,,,,yes,,yes,,,,,,,,,,,,,,,,
2642338,8051742,3,residential,26th Street,,,,,,,,,,,,,,,,,,,,,,
9419649,17020402,3,residential,Taft Drive,,,,no,,,,,,,,,,,,,paved,,,,,
9419712,17020516,0,service,,,,,,,,,,,,,,,,,,,,,,,
9421835,17023028,0,service,Bella Vista Lane,,,,no,,,,,,,,,,,,,concrete,,,,,
9424203,17025868,3,residential,University Heights Avenue,,,,no,,,,,,,,,,,,,asphalt,,,,,
9424273,17025945,3,residential,University Heights Avenue,,,,no,,,,,,,,,,,,,paved,,,,,
22137995,43176758,0,path,Boulder Creek Multi-use Path,,,,,,designated,designated,,,,,,,,,,concrete,"10'0""",,,,
22137996,43176768,0,path,,,,,,,designated,designated,,,,,,,,,,concrete,,,,,
22138008,43176773,0,path,,,,,,,designated,designated,,,,,,,,,,concrete,"10'0""",,,,
22179118,43355950,3,tertiary_link,,,,,yes,,,,,,,,,,,,,,,,,,
34725996,116030889,0,service,,,,,,,,,,,,,,,,parking_aisle,,,,,,,
56299316,207277406,0,service,,,,,,,,,,,,,,,,parking_aisle,,,,,,,
56299317,207277407,0,service,,,,,,,,,,,,,,,,parking_aisle,,,,,,,
56299318,207277408,0,service,,,,,,,,,,,,,,,,parking_aisle,,,,,,,
57803957,215667611,0,service,,,,,no,,,,,,,,,,,,,concrete,,,,,
88420492,390365047,0,footway,,,,,,,,,,,,,,,,,,,,,,,
88420511,390365052,0,footway,,,,,,,,,,,,,,,,,,,,,,,
94823984,431980085,0,footway,,,,,,,,,,,,,,,,,,,,,,,
94823986,431980084,0,footway,,,,,,,,,,,,,,,,,,,,,,,
110176767,533314909,0,service,,,,,no,,,,,,,,,,,,,concrete,,,,,
110176770,533314914,0,service,,,,,yes,,,,,,,,,,,drive-through,,paved,,,,,
110176771,533314916,0,service,,,,,no,,,,,,,,,,,,,concrete,,,,,
110176772,533314917,0,service,,,,,no,,,,,,,,,,,,,concrete,,,,,
110176775,533314918,0,footway,,,,,,,,,,,,,,,,,,,,,,,
110176777,533314920,0,service,,,,,no,,,,,,,,,,,parking_aisle,,concrete,,,,,
110176782,533314915,0,footway,,,,,,,,,,,,,,,,,,,,,,,
110286700,533970273,0,footway,,,,,,,yes,,,,,,,,,,,concrete,,,,,
131746981,559569736,0,footway,,,,,,,,,,,,,,,,,,,,,,,
151339088,533990379,0,footway,,,,,,,,,,,,,,,,,,,,,,,
151339575,17023876,4,tertiary,Folsom Street,,,30 mph,,,designated,,,,,,,,,,,,,,,,
69134818,274904398,0,footway,,,,,,,yes,yes,,,,,,,,,,,,,,,
94824006,431980086,0,footway,,,,,,,,,,,,,,,,,,,,,,,
110176774,533314919,0,service,,,,,no,,,,,,,,,,,,,concrete,,,,,
110176776,533314911,0,footway,,,,,,,,,,,,,,,,,,,,,,,
16427918,27852813,0,footway,,,,,,,yes,,,,,,,,,,,,,,,,
16457740,27916967,0,path,,,,,,,designated,designated,,,,,,,,,,,"10'0""",,,,
22804870,46146741,0,footway,,,,,,,,yes,,,,,,,,,,,,,,,
22804873,46146745,0,footway,,,,,,,,yes,,,,,,,,,,,,,,,
22804874,46146743,0,footway,,,,,,,,yes,,,,,,,,,,,,,,,
22804875,46146747,0,path,,,,,,,designated,designated,,,,,,,,,,,"10'0""",,,,
22804877,46146740,0,footway,,,,,,,,yes,,,,,,,,,,,,,,,
22804878,46146746,0,footway,,,,,,,yes,yes,,,,,,,,,,,,,,,
22804880,46146744,0,path,,,,,,,designated,designated,,,,,,,,,,concrete,"10'0""",,,,
22816652,46198142,10,path,Varsity Bridge,,,,,,designated,designated,,,,yes,,,,,,paved,,,,,
22818637,46219899,0,footway,,,,,,,,,,,,,,,,,,,,,,,
22818825,46226109,0,footway,,,,,,,yes,yes,,,,,,,,,,,,,,,
22842732,46371966,0,footway,,,,,,,,yes,,,,,,,,,,,,,,,
29414993,92826267,0,path,,,,,,,designated,designated,,,,,,,,,,concrete,"10'0""",,,,
30393797,97982768,0,footway,,,,,,,yes,yes,,,,,,,,,,,,,,,
30393798,97982769,0,footway,,,,,,,,yes,,,,,,,,,,,,,,,
30393800,97982766,0,footway,,,,,,,,yes,,,,,,,,,,,,,,,
30470040,98398277,0,footway,,,,,,,designated,yes,,,,,,,,,,,,,,,
32639639,108848281,0,footway,,,,,,,,yes,,,,,,,,,,,,,,,
32639640,108848282,0,footway,,,,,,,,yes,,,,,,,,,,,,,,,
32639672,108848280,0,footway,,,,,,,,yes,,,,,,,,,,,,,,,
32639677,108848331,0,footway,,,,,,,yes,yes,,,,,,,,,,,,,,,
51279832,185122722,3,residential,Pleasant Street,,,25 mph,yes,,,,,,,,,,,,,paved,,,,,
53258680,194216343,0,footway,,,,,,,,,,,,,,,,,,paved,,,,,
53258707,194216346,4,tertiary,University Avenue,,,25 mph,no,,designated,,,,,,,,,,,asphalt,,,,,
56299319,207277405,0,service,,,,,,,,,,,,,,,,parking,,,,,,,
56524595,208190975,0,footway,,,,,,,,yes,,,,,,,,,,,,,,,
56524597,208190979,0,footway,,,,,,,,yes,,,,,,,,,,,,,,,
56524599,208190982,0,footway,,,,,,,,yes,,,,,,,,,,,,,,,
56524608,208190968,0,footway,,,,,,,yes,yes,,,,,,,,,,paved,,,,,
56524623,208190973,0,footway,,,,,,,yes,yes,,,,,,,,,,,,,,,
56615669,208622349,0,service,,,,,,,,,,,,,,,,,,,,,,,
63949129,243207968,0,footway,,,,,,,yes,yes,,,,,,,,,,,,,,,
69134804,274904387,0,path,,,,,,,designated,designated,,,,,,,,,,,,,,,
69134808,274904392,0,footway,,,,,,,,yes,,,,,,,,,,,,,,,
69134809,274904397,0,footway,,,,,,,yes,yes,,,,,,,,,,,,,,,
69134813,274904391,0,footway,,,,,,,yes,yes,,,,,,,,,,,,,,,
69134816,274904403,0,path,,,,,,,designated,designated,,,,,,,,,,,,,,,
69134819,274904376,0,path,,,,,,,designated,designated,,,,,,,,,,,"10'0""",,,,
69134824,274904412,0,footway,,,,,,,yes,yes,,,,,,,,,,,,,,,
69134828,274904414,0,path,,,,,,,designated,designated,,,,,,,,,,,,,,,
69134829,274904415,0,footway,,,,,,,yes,yes,,,,,,,,,,,,,,,
69134831,274904410,0,footway,,,,,,,,yes,,,,,,,,,,paved,,,,,
69134833,274904399,0,footway,,,,,,,,yes,,,,,,,,,,,,,,,
69134835,274904419,0,footway,,,,,,,,yes,,,,,,,,,,,,,,,
69134839,274904421,0,path,,,,,,,designated,designated,,,,,,,,,,,"10'0""",,,,
96191194,438929542,0,service,,,,,,,,,,,,,,,,parking_aisle,,,,,,,
100860806,469560905,0,footway,,,,,,,,,,,,,,,,,,,,,,,
16427874,27852725,0,footway,,,,,,,,yes,,,,,,,,,,,,,,,
22805035,46148059,0,footway,,,,,,,yes,yes,,,,,,,,,,,,,,,
22816639,46197736,0,footway,,,,,,,yes,yes,,,,,,,,,,,,,,,
22818429,46218273,0,footway,,,,,,,yes,yes,,,,,,,,,,,,,,,
22818438,46218271,0,footway,,,,,,,,yes,,,,,,,,,,,,,,,
51406006,185706363,3,secondary_link,,,,,yes,,,,,,,,,,,,,,,,,,
53258650,194216315,0,path,,,,,,,designated,designated,,,,,,,,,,,,,,,
53258656,194216321,-20,path,University Bridge,,,,,,designated,designated,,,,,,,yes,,,concrete,"18'0""",,-1,,
53258657,194216317,0,path,,,,,,,designated,designated,,,,,,,,,,,,,,,
53258668,194216312,0,path,Central Campus Mall,,,,,,yes,yes,,,,,,,,,,,,,,,
53258679,194216342,0,steps,,,,,,,,yes,,,,,,,,,,,,,,,
55888648,205386834,0,steps,,,,,,,,,,,,,,,,,,,,,,,
55888655,205386841,0,steps,,,,,,,,,,,,,,,,,,,,,,,
55888661,205386847,0,footway,,,,,,,,,,,,,,,,,,,,,,,
55888666,205386852,0,footway,,,,,,,,,,,,,,,,,,,,,,,
56837193,209630234,0,footway,,,,,,yes,,,,,,,,,,,,,,,,,
58555838,219616743,0,steps,,,,,,,,,,,,,,,,,,,,,,,
58555839,219616745,0,footway,,,,,,,,,,,,,,,,,,,,,,,
58555840,219616746,0,steps,,,,,,,,,,,,,,,,,,,,,,,
63949130,243207966,0,footway,,,,,,,yes,yes,,,,,,,,,,,,,,,
69134792,274904378,0,steps,,,,,,,,,,,,,,,,,,,,,,,
69134797,274904385,0,footway,,,,,,,,,,,,,,,,,,,,,,,
69134799,274904386,0,steps,,,,,,,,,,,,,,,,,,,,,,,
69134814,274904402,0,footway,,,,,,,yes,yes,,,,,,,,,,,,,,,
69134847,274904423,0,footway,,,,,,,yes,yes,,,,,,,,,,,,,,,
106478296,506514647,0,path,,,,,,,designated,designated,,,,,,,,,,,,,,,
111688898,542978707,0,footway,,,,,,,no,,no,,,,,,,,,paved,,,,,
111727569,543182411,0,steps,,,,,,,,,,,,,,,,,,,,,,,
111727572,543182412,0,steps,,,,,,,,,,,,,,,,,,,,,,,
113268247,550474268,0,path,,,,,,,designated,designated,,,,,,,,,,,,,,,
122983652,274904411,0,footway,,,,,,,yes,yes,,,,,,,,,,,,,,,
122983678,46146748,0,footway,,,,,,,,yes,,,,,,,,,,,,,,,
122983719,274904381,0,footway,,,,,,,,yes,,,,,,,,,,,,,,,
122983754,274904407,0,footway,,,,,,,yes,yes,,,,,,,,,,,,,,,
124490400,506509258,4,tertiary,College Avenue,,,25 mph,no,,,,,,,,,,,,,concrete,,,,,
160617633,274904372,0,path,Central Campus Mall,,,,,,yes,,,,,,,,,,,,,,,,
161379615,111476662,5,secondary,Broadway,,CO 93,30 mph,yes,,,no,,,,,,,,,,concrete,,,,,
161379854,194216334,5,secondary,Broadway,,CO 93,30 mph,yes,,,no,,,,,,,,,,concrete,,,,,
